Project_Complexity,Team_Size,Required_Skills_Count,Avg_Team_Experience,Days_To_Deadline,Current_Workload_Factor,Is_Delayed
2,4,4,4.631596343225954,39,0.7705339524224779,0
4,9,3,9.90587134819292,53,1.7622735860931846,1
5,5,1,7.359001876713465,47,0.5165426727487044,0
4,3,3,13.088020203304742,45,0.9681924153171589,0
2,8,4,13.83745558343484,41,0.5188925572541401,0
3,2,1,14.955307977503956,46,0.6440104197592291,0
3,9,2,3.1515779013014553,51,0.9456443287596216,0
2,7,4,13.081496650656655,32,0.5814067780840604,0
4,7,4,4.724299274203225,18,1.3949457985357117,1
5,4,1,9.271422248537107,8,0.6302943619792742,0
2,3,1,8.080819674168954,57,1.5525704510991427,0
1,5,2,1.2518338420134272,24,0.5789631689407417,0
4,3,4,14.058797918685327,38,0.5889633422016451,0
3,7,1,2.0965787720890585,16,0.9579888485498995,0
2,6,2,10.635064871708302,37,1.8448572874539162,0
3,2,2,11.99009570691567,28,1.4620898730849747,0
4,9,1,12.13402988666758,24,1.655196937893379,1
3,4,4,2.896923265003827,9,0.7123281642156591,0
2,6,3,7.26597930711161,42,1.7511881498708688,0
4,8,3,12.612004186075717,34,0.5122193722913527,0
1,5,2,5.237508945302565,28,0.8195860260995091,0
2,6,3,7.54848145524529,47,1.4241384817249902,0
5,8,3,4.819114497797841,44,1.0628696128910755,0
2,6,1,7.489719850394538,11,1.976290087577845,1
4,5,2,13.429730916300322,40,0.5455088702274773,0
2,9,4,7.371739234458772,42,1.9978972519048148,1
1,6,2,8.782768239040486,20,1.4354417492919742,0
1,4,1,6.65566796624317,56,1.3380604918941448,0
5,7,3,7.441640564846557,19,0.5892686638459615,0
3,3,4,1.2124387866499038,50,0.909993314998836,0
4,6,2,4.972437139446384,27,1.8869940324373935,1
4,4,3,7.112144104385542,16,1.0313690047838664,0
3,3,2,9.873157663898205,33,1.4924798007008764,0
1,9,4,7.3007270277544905,48,1.9992445256280824,0
1,8,2,5.729438606501897,52,0.8946045707503117,0
2,3,2,6.4333822948182,19,1.3641213185217407,0
5,8,2,4.3921066088065315,33,1.5446566890533198,1
5,6,3,13.94291995883674,49,0.7469408698481228,0
5,4,4,8.304405161072804,47,0.7230088455442731,0
2,7,4,1.1877323542097236,53,1.18446186748726,0
5,6,3,1.2722476178736526,25,1.078718782638934,1
3,8,3,14.621462889328582,19,1.5713231552859708,0
2,5,3,4.100312479225431,18,0.6042631571728794,0
3,3,1,12.278516043400405,46,1.9582499356110357,0
2,6,2,1.8158542218480427,48,0.5214154725287485,0
5,8,2,13.896278313723688,20,1.4019752365042268,1
3,9,4,13.241838051333497,19,1.3439488938010826,0
3,3,2,8.995304274083205,46,0.7020735963045887,0
3,9,1,1.1259812019655808,8,0.7263739740702947,0
2,8,3,4.6093522363267265,31,1.6890162316919402,1
4,4,4,6.695517063578509,27,1.8313436876190248,1
5,2,4,7.440897634465864,33,0.9245254488256544,0
3,9,2,5.167502619873209,45,1.1569459459438527,0
4,6,4,1.4612701554374197,57,1.0324925615575302,0
5,7,3,9.26178368297159,56,0.6088205194799778,0
5,6,4,8.338165347726584,13,1.509806369023714,1
3,3,3,4.962008896007088,57,1.7377894022085352,1
3,4,1,1.5316635459744914,56,0.9573190360868107,0
2,8,1,14.924318621107162,47,1.9852636904460774,0
4,5,3,7.747806615569683,47,0.6137773359235323,0
4,7,2,11.58405938483708,11,1.4926860707217813,1
3,4,4,7.332396490718697,57,1.1723420217891334,0
5,9,2,1.6043840720811802,46,1.1699028516599839,1
3,9,4,5.334410431197001,8,1.1864684240503105,0
5,6,1,5.481541974082616,9,0.8880226607021426,1
5,5,1,12.736940656686224,9,1.5733442409983487,1
3,4,1,10.159219691998242,15,1.5823647891275403,1
1,2,4,4.8560186509526195,45,0.9235956651587405,0
4,7,1,14.548359365227205,32,1.7529596912876753,1
5,3,1,5.501585653570199,20,0.975267415475495,1
5,4,1,14.975276361602084,45,1.5876396859798134,0
1,4,1,14.946291704383684,58,0.6814996512680996,0
2,2,2,3.6769472484543853,34,0.7530524642056184,0
1,6,1,5.378375626637602,8,0.9736934667623767,0
1,8,1,7.804618778785159,6,1.3908106515017922,0
5,8,2,10.297409396070474,50,1.468267228218049,0
4,7,2,8.39266428605319,7,1.0945342579512123,0
1,7,4,14.572180567851596,54,0.616758729665771,0
2,3,3,11.135848299299681,25,1.0604519781390864,0
3,4,1,3.968627891361642,10,1.5331512739387274,1
1,5,1,2.471365702990936,47,1.506493191695474,0
1,4,1,10.637618069930994,57,0.7402946198081641,0
2,8,4,3.218334162530682,22,0.5116759554034507,0
4,3,1,12.027475764700558,48,1.6294724259441753,0
1,4,3,5.354513341644718,9,0.6595522495778656,0
1,2,2,5.576505682778491,13,0.6235237159464282,0
4,8,4,1.1511774934531676,24,0.5040518252512451,0
2,4,2,10.81415773933057,32,1.1489019889353909,0
1,4,1,2.585776542905601,30,1.2548958513512216,0
4,8,1,11.820328084489255,22,1.4564960692228859,0
1,5,1,7.886149506840895,23,0.9440957610688787,0
3,8,3,11.979917409363967,7,1.56563707458017,0
5,2,3,9.174971548768378,13,0.7539977861104123,0
3,2,4,2.1540658082658704,40,1.747985079665521,1
1,4,2,11.719132713872563,35,1.3577724933356683,0
2,7,1,1.9771927885264964,53,1.3758347350580726,0
5,5,1,7.701824087970651,21,0.8146631206686622,0
3,4,1,3.4128889980294863,59,0.6111631239505824,0
4,8,1,11.532692491690389,27,1.197087204621007,0
2,4,3,13.762277189285772,38,1.4234179278835384,0
3,3,2,8.757766287015839,45,0.6425696879925284,0
4,3,2,8.380062120188526,45,1.92580171179225,1
1,7,4,11.695484748558652,9,1.9706215403492102,0
4,5,3,1.071103381660181,19,1.318185043088738,1
3,6,1,13.848620996892251,51,1.9251037329101093,0
3,9,2,3.764283439275844,7,0.7691678563712796,0
1,3,2,14.77766437356732,23,0.5381310277692873,0
4,6,3,11.307555271446471,32,0.559114302935585,0
4,2,4,11.839516067809395,7,1.3812687191401687,1
1,3,4,10.186841725230492,42,0.5924628251552353,0
4,3,1,7.603284558992244,8,1.9378184102361307,1
1,5,4,9.002787707056317,28,0.7128998161390978,0
2,7,2,1.6496404042117592,35,0.957084209079468,0
3,6,4,9.7354331320482,49,1.7337767029975226,0
2,8,1,9.765373427818654,49,0.8281104846561396,0
5,3,2,13.476811163625332,15,0.8644526876818559,0
5,3,4,8.079189004023071,41,1.4634634336865273,1
5,5,4,2.0800212372048543,5,0.9141291327338934,1
1,5,3,5.286742886749137,13,0.8261714510115504,0
4,7,1,10.178811769600445,21,0.8812665714584862,0
2,6,4,4.3496240785204945,58,1.2359712490110901,0
2,2,3,4.927389505975613,5,1.9491498090972232,1
2,8,2,12.486566229051949,7,1.7483569123418425,0
2,7,3,9.180476244677926,51,0.9269153968402657,0
5,9,3,8.119384044830015,30,1.0450598127471467,0
2,2,4,5.458327535281261,57,1.196768375756116,0
4,4,4,11.232992503062468,35,1.9683944705254857,1
5,3,4,5.028058082860411,30,0.7585857025035736,0
2,6,3,11.318889247018452,27,1.0362246552378243,0
1,7,2,1.981420723744188,34,1.5941391409740724,0
3,3,1,13.103578782149171,14,1.945915601403415,1
3,6,3,7.993930487263059,12,0.7335128191463565,0
3,6,4,7.13911223378558,48,0.8410699312915186,0
5,6,1,9.554327761586944,29,0.8385420115856453,0
2,3,2,9.738689020547787,26,0.5313980442381103,0
5,7,1,2.8484924764599375,19,1.4061734374714243,1
4,8,4,11.587270257426985,45,1.5060546112188407,0
1,5,3,4.862996171300881,14,1.40378883518788,0
1,3,3,13.669466322378796,24,0.6069844841192216,0
3,9,4,12.449909287807655,45,0.6038451886184475,0
3,6,3,5.847724581486479,51,0.815579831741186,0
3,7,4,12.308350104810003,27,0.935441773548372,0
2,8,3,5.989466990198658,57,1.6798154838650712,0
4,4,3,2.4132675429045687,57,0.7390853986233816,0
4,9,3,14.466435342159912,5,0.5661383245962982,0
4,2,2,10.13642821301616,6,1.0909812615695826,0
4,9,2,7.385393373276283,23,1.1245882552128805,0
3,6,4,6.568826921434555,18,1.1763610072834314,0
1,4,2,5.545874679615696,12,1.7403553160404528,1
3,5,4,14.74026633600781,42,0.6470081223064126,0
4,8,1,2.8864617118327036,16,1.555913123632943,1
3,8,1,5.407270824887957,30,1.0069183565679363,0
4,6,2,7.796966963957289,31,0.9649702046532049,0
5,9,1,7.69199363076036,33,1.89881468912897,1
1,9,1,7.599130781709809,19,0.8727027866251131,0
5,8,3,3.4609734216253454,50,1.4637977530090494,1
2,4,3,3.0290553795330077,57,0.9126916360641382,0
3,6,4,4.566746208600681,5,1.2607158239605778,1
2,3,1,13.803366153228785,47,1.6794393388944169,0
3,7,4,2.582741549683142,32,1.822583785274391,1
5,4,4,11.603951447226548,7,1.7580458604425755,1
4,7,1,11.605677503867199,55,1.3732711042169599,0
4,3,2,12.336785654561671,22,0.8732244730073332,0
3,3,1,13.412616845850977,56,1.4918500748927985,0
4,7,3,4.682506485545024,38,1.564857568669412,1
5,4,1,4.143832569764549,36,0.5160379851702521,0
4,7,2,7.517079331384716,33,1.1588157663978118,0
5,7,4,4.711248362528506,29,1.7648930642326466,1
2,2,4,11.280339845763505,30,1.2343813943645712,0
5,4,3,9.90315407438007,43,0.9670631632449818,0
1,9,3,13.249827632737121,12,1.807696656536994,0
1,9,3,2.158336248819002,23,0.7338210462947086,0
1,2,4,13.811166667013048,58,0.8096678486243005,0
3,6,3,5.106880773381254,51,1.5310585504042,0
3,8,1,7.8697208429777765,46,1.0286539122898626,0
3,9,4,7.140560103155011,26,1.5695252536006685,1
5,7,2,11.644363115461935,33,0.7365554318892378,0
3,6,4,6.8846663320457955,37,0.8784036344012689,0
2,9,1,14.209744039091731,42,0.7349710675454503,0
1,4,1,13.635474356940056,49,1.9293654703452645,0
5,7,3,13.210256127573091,50,1.1081059412763863,0
1,8,4,1.9976166570751905,39,1.005829864865339,0
3,6,4,12.959612861755152,47,0.521303234256147,0
5,9,4,11.942896236204946,7,0.7301263691163311,0
4,9,2,2.449181258085834,23,1.1317037843637492,1
2,5,3,2.503800556107106,14,0.6027541888578412,0
3,9,1,2.416293361245576,31,1.2661089942593253,0
3,3,1,1.1586563048628256,19,1.1825231576966717,1
2,7,3,8.68088027272417,15,1.650752210516528,0
2,8,1,14.627520080104606,51,1.489704052100475,0
4,3,1,7.141585840597109,30,1.1689209579808608,0
3,2,3,8.570605026422989,28,0.8369910501576072,0
3,6,1,14.551577154779377,17,1.5902953490267095,0
1,9,4,4.57255120283923,36,1.5617931551813062,0
5,2,2,13.018583536375681,41,0.7299442407730812,0
5,8,3,8.649466540964305,8,1.8721277471381041,1
1,7,2,8.97267120528215,17,0.5966076740225648,0
5,3,1,5.80443400090197,13,0.5825565633390744,0
2,3,1,8.862181053536714,53,0.7810256264936405,0
5,6,4,2.0239951326959753,38,1.8641911970731568,1
5,7,3,11.705010016597571,41,1.2799971860553827,0
1,9,1,4.985628661619804,52,1.6819113810093502,0
4,5,3,13.42651661291537,11,0.8417647821147509,0
5,5,3,6.149909724504418,5,1.2353329619806113,1
5,6,3,2.9995375468163563,16,1.0374341954358233,1
4,7,3,10.742342041158789,25,1.741742910599289,1
1,6,3,3.30409402598904,15,0.5339066590388399,0
4,7,2,11.551527217601866,48,0.8657640949491581,0
1,8,4,14.553571309685632,55,0.7288613364535681,0
2,8,3,11.913740163133664,48,1.7887835580823541,0
1,2,2,1.3142894780385455,48,1.2013157745406486,0
2,9,1,9.398401032738846,18,1.1063300658398243,0
2,6,3,10.73574939357614,38,1.1742241431516198,0
1,9,1,12.556416561147993,38,1.9578868260535027,0
3,7,3,1.7840323251460022,29,1.7754010915038863,1
1,5,2,7.721509591332008,8,1.5595531577754613,0
5,9,2,8.495192216937522,56,0.9357184388348819,0
5,7,2,3.3677480770184927,59,0.7477594992776717,0
3,8,4,5.514297335949095,30,1.88215044353668,1
2,7,1,7.1631041675863125,20,1.1346132841947243,0
3,6,4,12.664935631409222,14,0.9181336992029437,0
5,2,3,14.011705924982897,49,1.2063812396264533,0
3,2,1,9.79791960484742,6,1.8767711342305282,1
1,2,2,6.52923260430047,39,1.0806009700869397,0
3,2,1,4.556434249185804,23,1.3439614958721493,0
2,8,2,14.749892582106106,10,1.7044494516628501,0
1,4,4,14.762279973069019,23,1.1406987965725868,0
4,9,4,13.949677275290487,57,0.8503127028895525,0
5,6,2,11.99936809828947,56,1.9917886225745502,1
5,3,2,5.560913612438656,55,1.9348562861782395,1
3,6,3,12.43800676896683,12,1.765218753688271,1
1,4,4,6.723102241796416,18,1.5325608190788838,0
4,2,4,5.574823374170633,14,0.9422984421045455,0
1,4,3,11.428115018527913,7,1.870119407246048,0
5,5,4,2.1151549866859205,42,0.9133350051818432,0
1,5,2,1.6798781261392637,33,1.7012142420152487,0
4,9,1,7.271351760536598,19,1.8773872519119594,1
3,8,1,7.238943211510266,27,1.4045057606448672,0
2,6,4,13.539018142893688,27,1.7045843268367684,0
1,6,3,2.766143348029435,22,1.68754264880262,1
2,3,2,2.725974984333779,50,0.7897366266814698,0
5,8,1,3.064336406648616,23,1.501886710394127,1
3,3,2,1.4163076581244365,32,0.6402019053566653,0
3,5,4,2.004244329408717,30,1.261775214706222,0
1,2,4,10.238178135606546,14,0.7433533222108663,0
3,4,1,7.042180607645129,51,1.1245242481946476,0
1,3,4,11.690442939232192,8,1.7494731120476565,0
1,7,3,14.896368060143244,59,1.9807517594453066,0
2,3,4,10.226485535386018,6,0.9769397474894266,0
3,2,4,1.7063779886817323,7,1.297933548174765,1
1,2,4,2.463880106560781,11,1.2669470365557327,0
2,6,2,13.334057187405909,59,1.931602264746599,0
4,4,2,8.384943223815661,20,1.2178755986491603,0
2,2,1,12.54772023154036,35,1.5486593080995468,0
2,8,1,12.992572707148964,14,1.8826838496627891,0
1,3,1,13.987443580993268,23,1.06006783930526,0
5,3,4,14.29760887680912,32,1.8531833573680814,1
5,5,2,8.767561151046287,21,1.8761843328365202,1
5,2,3,5.774282411584474,32,1.895993755950696,1
2,7,4,14.46610824087198,23,0.9056692782071396,0
1,6,4,8.663689684017154,41,1.1005333914049378,0
3,4,4,1.8995381213645546,27,1.8055938623385528,1
2,7,3,9.99887170083811,24,1.038742736420628,0
2,6,1,9.227586505530152,17,1.4003795494002576,0
1,3,3,13.541100220525884,17,0.6770817608900779,0
4,7,1,10.144620648209376,47,0.5844124821668611,0
2,6,3,5.886733942461719,15,1.117990984238259,0
4,3,2,14.527160159881486,52,1.3683747988890762,0
4,3,4,12.22267280374847,19,1.089048670038412,0
5,3,4,9.82584665733896,21,1.366603655241263,1
1,3,4,5.10095284764372,58,1.2726265642576775,0
4,8,1,6.229564148400137,54,1.5285608439291138,0
1,3,3,10.379578937353193,32,1.4742986465980847,0
5,5,2,2.007731458486504,23,1.13636855480987,1
1,7,3,4.593528283103689,8,1.137492860629795,0
2,6,4,10.994613067552372,26,0.711167510018348,0
4,5,2,7.7202591378246925,26,1.2698578581446887,0
1,8,2,6.633509907402022,59,1.3807686922035451,0
3,9,4,3.120406713605803,41,1.2147340960307393,0
1,9,3,7.1858864826882565,43,0.9885610026304985,0
4,5,4,11.789687590643274,38,1.5824728163776038,0
5,2,3,4.696179845006502,37,0.611992466967836,0
5,2,2,1.0755795905714838,48,1.871660554631071,1
4,2,2,10.35906861611376,46,0.5309651593186899,0
2,4,4,14.616772462055735,44,1.9435252001574168,0
2,2,2,9.49557189024016,37,1.1935334014019936,0
5,6,1,2.678906024979822,16,1.1190049160053117,1
5,5,2,5.490263292825423,6,0.8846660261947822,1
4,6,1,13.146982606083128,32,0.5151067022484248,0
2,7,2,4.2559530395956,14,0.9121853966326996,0
5,2,4,9.507742648966513,26,0.6640998881905009,0
2,8,4,6.63739691555597,21,1.489731264040092,0
5,4,1,3.9098120998750865,30,0.9786124584810894,0
1,7,4,12.387696509905515,7,1.6507689926054923,0
3,8,2,11.399637870519664,11,0.8103742810191754,0
1,4,2,10.262274923429716,48,1.8503522861481643,0
5,9,4,4.308712263762517,12,1.284472272658749,1
3,7,2,2.3699980380303005,24,0.6717592947034721,0
3,9,3,9.066230617563527,16,1.1012678534802185,0
5,5,3,8.751489669552067,39,0.8101407861046425,0
5,6,2,3.637390130688222,21,0.7995281392522688,0
2,3,4,1.7874537204124148,32,1.2595546064783134,0
5,6,1,2.1299183587158037,45,1.5078380234545588,1
4,2,4,14.898793811178273,14,1.8674273082551422,1
5,9,1,11.970174526400372,26,1.2532430161454802,0
4,8,4,13.907824663512416,42,1.9487581625874952,1
5,3,2,3.7307661113090864,37,1.912452278110053,1
2,4,3,14.447959508528092,26,1.7975937949765406,0
4,9,4,2.9971609206242693,48,1.2499658974436278,0
1,5,1,8.127145599930596,41,0.7113559155319753,0
4,5,3,12.615739581838895,17,0.8268567047230774,0
2,9,1,5.897246963162112,31,1.4715050040679634,0
4,9,2,6.947599464476607,19,1.1326324704262942,0
5,9,3,2.79459154418737,26,0.7202024476309946,0
5,4,1,2.7209063199856187,34,1.2184909004589657,1
2,2,4,9.673955146901234,47,0.5261458182530689,0
3,4,2,10.457453160680794,44,1.6008430563493898,0
5,7,2,11.882655197150706,41,0.6103719417345363,0
1,8,2,8.79354873754455,38,1.4436704298681784,0
2,9,4,10.040630091658283,48,1.6895154614383991,0
4,8,4,1.1892418037960808,38,0.6989658116809483,0
4,2,3,3.270390179920633,52,1.2779580359990188,0
1,3,4,14.788806724236665,57,1.6686012715392045,0
5,4,3,2.063909088421645,39,0.8909501821355021,0
2,2,2,10.50303511164343,46,0.7443748895024287,0
1,8,3,3.465156862444027,23,1.0052286664511854,0
5,3,1,11.034060200746987,12,1.3320487648749737,1
2,4,2,10.883865641467908,43,1.362919392282125,0
4,5,2,4.2787868370332625,37,0.6963145001865305,0
2,4,3,4.774881589068858,48,1.1863532715109575,0
3,6,2,10.166789990429235,32,0.9024232933092318,0
2,4,4,6.4612045429229905,41,1.763036327097426,0
3,6,1,3.723671575798758,52,0.9703626980960461,0
2,3,3,11.243514383024745,29,1.7580567868007893,0
3,4,3,3.1580653407086783,40,1.1428469189026882,0
4,3,2,12.979011298029253,21,1.5898786487396799,1
5,3,4,8.205373336725586,28,1.2650903428162155,1
3,8,2,2.4798084543102097,25,1.4329439361964647,1
3,2,2,10.717012669433782,6,1.0930347662920747,0
4,3,3,8.268282554043566,35,1.6523101517112362,1
3,3,2,5.172806005127333,48,1.1377840753604875,0
1,8,1,6.915551323133968,37,1.186192469878733,0
4,8,2,5.176728410224983,34,1.2765180023464358,0
1,4,2,4.682361700398976,16,1.7477361775789753,1
4,8,3,3.2905178918119704,48,1.4890683929021973,1
3,4,2,6.078739863924662,16,1.0237405798486248,0
1,5,4,4.51382088842499,55,1.5054794509723142,0
3,8,3,10.568082818754839,53,1.463639859512866,0
4,2,2,10.574274376286288,56,1.8965289138195565,1
3,3,1,8.025763395778938,28,1.762124654038025,1
1,2,1,11.891223384584494,28,1.471170385626872,0
1,6,3,12.778756066084675,15,1.0122606660260653,0
3,9,3,9.116730404079824,17,1.6693646732919043,1
2,8,2,9.665092278688073,31,1.3628124395942014,0
4,3,4,4.960402737009113,12,1.9779049821513524,1
4,2,2,13.528168809877277,14,0.871259192854706,0
3,8,1,1.3388846219154176,12,0.6194837613963304,0
2,8,4,5.88043457219984,24,0.6048377178319215,0
1,9,4,11.105205901697984,12,1.4600455825275205,0
5,5,4,2.121253135396257,13,1.9088903433672857,1
5,5,2,3.564373383996097,11,0.5028978714372578,0
3,3,1,9.250000190079916,18,1.5886565704366662,1
2,6,3,8.839911400489811,32,1.4855977737994182,0
2,5,2,11.34499614583337,6,1.5984562883291988,0
4,9,3,12.376576947234405,47,1.0331081101435033,0
1,5,4,2.800114099163368,12,1.7307446669867828,1
2,6,4,1.2573338568533887,17,0.5670603971282929,0
5,2,2,10.654939275224685,25,1.6331466509330412,1
1,5,1,5.219485140729029,51,0.9006079120236317,0
1,9,4,9.76377479485135,32,1.2152566622871073,0
3,4,3,3.107624232871146,39,1.7339544073358308,1
2,9,3,7.566560653323481,27,0.9070385527867055,0
3,7,2,8.061946444888116,50,0.7778112674658402,0
2,7,3,9.191089429225025,19,1.5219697780218264,0
4,5,1,8.184380228627901,6,1.3000923372602067,1
3,2,4,7.939670783201994,55,1.2716058031192767,0
3,8,3,5.658278155773978,16,0.8851542733068698,0
5,2,3,1.9965233084532072,56,0.5523204587300414,0
3,9,4,2.2532827551557926,40,1.1154037074975753,0
2,3,2,7.072895841700151,7,0.6598392207016519,0
5,4,3,5.981103789493902,9,1.8589837259738031,1
3,2,2,8.225887265442969,7,0.5618754852075958,0
3,6,2,5.267734369587737,51,1.1474762812765722,0
4,9,3,10.63074128037454,23,0.5783683755512419,0
3,4,1,13.095367508133148,6,0.6433158118471495,0
1,7,2,5.184084643016147,48,1.488300000383033,0
5,9,3,3.7017761111464003,41,1.4706668914611418,1
1,4,2,2.6265280395572477,58,0.5495782923191597,0
5,6,4,9.627556567991375,21,0.5016972126813053,0
4,5,1,7.213983875967972,18,0.618227115864176,0
3,6,1,3.632220040748045,32,1.6444983465679133,1
3,6,4,10.143914266085975,31,1.3768647091272608,0
3,5,4,3.0787645620739816,58,0.5571773677827374,0
5,5,2,8.760209881871337,14,1.232145523809241,1
3,5,4,8.380077342753705,7,1.5680440355816772,1
1,5,1,11.279189216605166,40,1.8034270919012094,0
3,5,4,1.7715349591693346,42,1.9010547359885157,1
4,6,3,13.430221045918625,29,0.9911608444311,0
1,3,3,10.841884166055472,26,0.7037486426198986,0
3,3,2,4.025763976882671,52,0.8553888810971713,0
3,9,1,3.567674880536355,43,1.6642572380603355,1
2,2,3,7.043242998012968,51,1.957226322563466,0
5,3,4,12.445914613624357,34,1.1995904260405708,0
1,7,3,12.8012999039475,25,0.9580298203216846,0
2,3,3,8.286385289951362,34,1.1437858729400516,0
4,6,2,13.051352077614325,32,0.9572197169676986,0
5,5,4,1.076211928683668,35,0.8847312848107314,0
1,9,4,1.4924448414423526,56,1.3906261286107693,0
3,5,4,13.765502310914398,30,0.5236039705603166,0
1,8,2,11.854647018402824,47,0.8893283729974822,0
3,8,4,7.3098848155053995,26,1.4920731167674837,0
5,8,4,11.550541840691821,25,0.5480940444602076,0
3,6,3,14.378952464127902,5,0.6248027247634025,0
4,7,3,11.80925333433799,41,0.9400942171786772,0
3,3,4,12.793198673456507,17,1.8167071979134772,1
4,6,1,11.648492139460865,25,1.6473292402479442,1
5,2,1,3.3549552940695824,50,0.5332349441243653,0
5,9,4,12.670037535040315,13,1.2525692250327378,0
1,5,1,3.7315234803389403,21,0.9120312409811251,0
4,8,2,13.496558592618058,51,1.4729684885930945,0
4,4,3,7.421098573135063,25,1.5823308238901919,1
2,2,2,10.4776745323544,35,1.7942938656939238,0
2,8,3,7.961371870329009,43,1.2131243556560214,0
2,7,1,2.315873011832428,58,1.9916751328183766,1
3,2,1,5.070112306689311,26,1.969979160930664,1
2,6,4,14.772245955958084,16,1.8232500867065498,0
4,3,1,14.450006523377443,59,1.3623042427371064,0
3,5,1,5.486816567177662,10,1.0970096562557226,0
5,9,4,14.948155259433161,57,1.0465794652096774,0
1,7,4,12.837716736956594,20,0.5181871251316172,0
2,7,3,9.553432992051565,30,0.8737617458635498,0
5,4,1,1.5617446836541329,9,1.5782123524237468,1
4,2,3,13.620255613537314,13,1.4054481498395999,0
1,4,3,8.804009909700476,50,1.8746332837513004,0
5,3,2,13.158666116838774,44,0.5750334003748367,0
1,8,1,12.682007678680392,18,0.732914904765996,0
2,3,1,12.662087012815205,48,1.6838656840281951,0
4,8,2,10.77443405000867,46,1.0377614467930008,0
1,4,3,5.079811941464681,34,0.6775180005768169,0
5,5,1,5.706243608423278,56,1.9946757576501337,1
2,3,3,5.318568976157609,56,1.6808754540040445,0
2,4,2,1.2806439934559057,30,1.1131115551371837,0
5,2,4,9.155964729007357,57,1.7350212154192104,1
5,4,3,10.78367138624446,49,1.52090580517873,0
1,4,1,12.95412390935285,33,1.68496213935475,0
3,6,4,2.962316067358225,23,1.7228095663484748,1
2,3,3,8.618564085675224,51,0.6270930249354769,0
1,9,3,1.11211396943296,12,1.4344593315321434,0
5,5,4,2.331311067950213,27,0.5101783294652413,0
1,5,4,1.7589644188839029,57,0.565184369451756,0
5,6,4,11.156692476216817,46,1.8559700135837613,1
4,8,1,2.1348338942864444,39,1.2913455820352082,1
5,7,1,11.03034174182306,35,1.6038529788027873,1
5,8,3,4.494745861748167,57,1.757751485664719,1
5,5,3,13.287981449757153,39,1.9243801513468775,1
3,4,2,12.384099837093398,36,1.8040292718841937,0
5,6,1,14.409623044653872,9,1.2249671730459408,0
2,2,3,13.372668216412446,20,1.0039554610707673,0
2,3,4,14.066611867628861,21,0.7317398543090572,0
1,3,4,13.022393551186308,36,1.10048222373092,0
3,9,1,10.707346608607976,42,1.049740368741745,0
1,3,4,3.3836281297561035,36,1.33936226293381,0
2,4,2,4.803905263957301,56,1.49826411313582,0
2,2,3,3.9781775258238232,24,1.9674882146675712,1
4,6,3,9.450201027214877,52,1.5925792791510986,0
5,6,3,8.05067913163042,6,1.465622798664385,1
2,3,1,13.139119960217931,24,1.0026386514025138,0
1,2,4,14.33742013098706,51,0.551755814747489,0
1,2,2,6.66803845465402,22,0.9321876932820377,0
5,2,1,8.088907745931373,5,1.6526718506894267,1
5,5,3,14.601228995257948,33,0.8079079112057026,0
4,5,2,4.8673451827240095,33,1.5682822905111717,1
3,3,3,12.09347085502339,23,1.3696697638541238,0
1,2,3,4.153358632693448,48,0.7577853046256973,0
5,7,1,10.540441615953807,44,0.8924372094377448,0
1,2,3,4.550618786939898,10,1.2444554052297148,0
5,6,2,13.372267443639416,48,1.127562057661771,0
2,6,3,8.860691212313476,43,1.6678457713201393,0
1,3,4,3.603070972241384,54,1.6016069638148704,0
2,7,3,4.141168459778804,58,1.3618617552095256,0
1,2,1,7.9138887399134035,50,1.7334120672093878,0
3,8,2,14.462428358048303,12,1.344004311026463,0
4,7,1,11.774990294371163,28,1.9465838849858903,1
2,9,4,7.836334999561831,24,0.8258361487266221,0
5,3,3,5.728068023871039,58,1.5711979904032292,1
3,6,1,8.689758906878197,18,1.054916198081702,0
1,8,1,11.477051668000676,9,0.9184492916302909,0
2,6,1,11.9750002383392,45,0.7705812139515693,0
1,5,1,5.544523173357225,44,1.3287552143923158,0
1,3,4,11.096229754994281,38,0.8232041491238169,0
1,3,4,10.209042920506606,20,0.8005262771726089,0
4,2,3,14.427572087948114,49,1.985797857625727,1
4,2,3,14.035264067112207,11,1.7026211252686412,1
5,5,2,12.051310558450078,20,1.622415230381563,1
2,8,4,11.127525643968998,11,1.6910909388241324,0
3,9,1,4.836582255859861,31,1.9533843105781137,1
3,4,1,12.843513585379467,18,1.359915033129805,0
3,7,2,6.985079851987126,18,0.8303658161042908,0
1,4,1,4.811367595084626,48,1.7933144611298586,0
4,4,2,6.378250611348475,37,1.6140960941811353,1
2,3,3,12.70309686023111,37,1.1214624685012597,0
1,7,4,3.08086501809039,48,1.2103542478619695,0
4,3,2,7.386222375677514,24,1.1168785977183036,0
4,9,1,7.893006323412855,57,1.8949132403435063,1
2,7,2,1.5128157663834716,51,1.0152974172474412,0
2,6,3,3.7404444136743145,40,1.9452264179842587,1
2,3,1,12.57439400006199,11,1.8654076568809248,1
1,3,3,12.630743440326649,36,1.4457817133722601,0
5,3,3,5.093811174379471,52,1.369732659650112,1
2,8,2,13.248561284370968,7,1.0551339201049563,0
5,5,3,11.80496114695687,43,0.5275075835159748,0
1,3,1,6.850704773135732,33,0.6914347793566299,0
5,9,3,11.47768882167053,28,1.631346985024323,1
3,2,3,14.458684836727286,26,1.2073101898822478,0
5,2,2,7.4255760529148835,10,0.7247572012819521,0
2,7,3,4.337980505348771,52,0.8959412811978065,0
1,6,4,14.18543100070218,28,1.9217553497704996,0
2,5,2,9.45242003988559,44,1.0506992529653976,0
3,8,2,2.473712274725954,27,1.8615229178287303,1
2,7,1,9.017559421993653,58,0.9569537484403651,0
2,2,1,8.008132452276183,42,1.3148301415507413,0
2,5,1,12.978244517057888,14,0.5307156250432968,0
4,5,1,8.4297326566893,20,1.2828126655603653,0
3,6,4,4.573254080819968,15,1.4554130159159455,1
2,9,2,10.459016894108439,36,0.8514576490057668,0
2,5,3,8.596056335498123,49,1.3684057643080356,0
2,3,1,4.2626247957362144,10,1.4707516580764783,1
1,5,1,9.03079001120071,28,1.5303291175726348,0
4,6,1,12.501498090455605,37,1.6646049830331546,0
1,7,3,1.399992848136146,57,0.9670088643941248,0
4,6,1,9.831914541031564,55,1.3516654346478174,0
2,8,3,5.894192740981489,16,1.9723685446468917,1
3,6,2,5.097400240631938,31,1.8472162559977359,1
5,2,2,6.496228505055558,42,1.9289981421475497,1
5,3,2,5.788317299471744,22,1.079204597792857,1
2,9,4,12.651347493918182,49,1.6803921588449926,0
1,2,3,4.847169350750608,43,1.4298469276405217,0
3,7,1,11.264142323492194,59,0.6241026245933616,0
4,4,1,2.316837483200242,17,1.735970583735598,1
2,7,1,14.319549214781818,57,1.515651914536047,0
3,3,1,9.712432921479724,44,0.7983760392729002,0
3,5,4,10.894060078623841,34,0.619607836144192,0
4,6,1,5.172550649322314,57,1.755533195972496,1
3,4,4,6.769351961913605,53,0.6183527442368015,0
1,3,3,4.132897407793667,45,0.637030798049655,0
1,2,2,14.055505201231135,56,1.141112431856473,0
1,6,1,7.833462259419288,17,0.7021967426292156,0
3,7,2,9.82627361921186,38,1.870504396164079,1
1,2,3,11.279808427430016,40,1.205425904394855,0
4,3,3,6.195485275393546,34,1.3537264709818573,1
3,3,1,11.081423163547978,29,1.8921591342171311,1
5,7,3,10.463894856588762,6,1.295394838457523,1
3,4,2,10.879230674235252,40,1.0303867189359779,0
4,7,1,7.84921860286458,22,1.6957326587237478,1
5,5,4,6.36112335208264,9,1.164275296212816,1
3,2,1,4.109150634925857,23,0.9777041384034582,0
1,4,2,12.544768939212501,46,1.5848441879083017,0
2,6,1,9.516900651443502,22,1.7024085149195645,0
2,8,1,7.22093074536493,36,1.6875742513764072,0
1,5,2,14.21594269394856,25,1.9665116211930613,0
2,4,1,1.6697433750985433,14,1.680000423312444,1
2,8,1,12.902407232870665,41,1.6549001539230295,0
1,8,2,14.966156301243613,53,1.7862278806043304,0
1,2,3,13.417189552360142,26,0.5002777929431642,0
3,3,2,12.346112198618753,17,1.043647116781656,0
3,6,1,6.240283907688545,59,1.606404644051633,0
1,7,4,4.238398551672109,21,1.399578516665416,0
4,2,4,11.287907286994415,13,0.7663580039474265,0
2,5,2,5.264055128039958,28,0.9555996336328181,0
3,9,4,3.4645555501695897,48,1.0051889166231602,0
2,8,1,12.011362419450277,18,1.351742166758474,0
5,5,1,5.375611131314111,50,1.7473974446616145,1
1,8,2,13.802184212822738,12,1.8987376696665197,0
4,3,1,12.768857027467753,59,1.6251386192804587,0
5,9,3,12.866964613129571,41,1.7644255852652146,1
5,3,1,11.801976164781566,23,1.2051439376772741,0
5,6,2,13.332339932846313,32,1.084662979433431,0
1,7,3,12.280456490493682,50,1.0890627982163255,0
3,6,3,9.435159090046202,45,1.4240577925099356,0
1,3,4,5.141518060146084,34,0.6863550583337135,0
3,3,1,13.434928704998086,11,1.3692412741853919,0
5,5,2,12.768450718824687,30,1.4976992902755883,1
5,3,4,7.620310510947631,44,1.1583631103093581,0
4,9,4,1.5471016040273726,50,1.9297507651567511,1
3,9,1,9.939612183626789,58,1.412319908569363,0
5,4,1,1.7083559514721443,50,0.8299992083549378,0
2,8,2,13.967919465877701,15,1.2188243861502743,0
4,2,4,14.462837592754298,18,1.513106655702941,0
1,3,2,3.6528620425944593,25,0.9854436868707185,0
4,6,4,10.469451292768738,12,0.6194624094335348,0
2,7,4,2.2917660638786788,7,1.3751534520663276,1
3,8,4,11.21323700002371,32,1.92180525292952,1
1,8,1,5.8620273261374445,33,1.2276079783447607,0
1,7,4,10.534701564226234,27,1.8591636209705569,0
3,7,4,6.22027112883049,22,1.752535382557541,1
4,8,4,3.0379451376653,39,0.721119175450975,0
5,4,3,6.68553972703581,17,1.5622548827533562,1
4,6,1,2.5774293728870603,16,1.1531982876079676,1
2,4,3,9.076365849677241,51,0.8753694878944054,0
5,3,1,1.5733214500927168,54,1.5304075335000547,1
4,2,2,8.382475514398037,9,1.613991077984632,1
3,7,3,13.409161059337572,43,0.7698444781022582,0
2,9,2,12.730225781671079,15,1.8716670230843127,0
2,6,4,13.358943794770955,15,1.6267208659271615,0
2,7,2,13.908683229779502,51,1.9000632487129532,0
5,4,2,2.463390430259719,46,0.9756098281455365,0
1,5,2,2.802460840259983,51,1.9090025236144803,0
5,3,2,8.7980952883838,35,1.0527764867575713,0
4,2,1,13.51561735794201,35,0.5809546421410876,0
1,3,3,14.640892391336429,17,1.644454083063535,0
4,5,1,1.6476668427599994,18,1.5552622161325114,1
1,2,1,5.980837178809242,53,1.3968664883949986,0
5,5,1,3.9805195652399084,49,1.2348406165762609,1
2,3,2,11.583521885037474,46,0.5482479054839471,0
3,4,1,9.962714159518448,29,1.4368958772802314,0
2,8,3,2.678432440773836,37,1.1252519228341904,0
5,3,1,7.769308943109601,37,1.3403141041114175,1
1,3,4,10.59616731319808,19,1.1439820129514544,0
2,3,2,11.906075514936527,20,1.9490841991477985,1
5,6,4,1.2807379369761194,48,1.4061633517262706,1
4,5,3,13.466574035774457,42,1.623854495903701,0
3,9,3,8.969939361307341,10,1.904520421206625,1
2,5,3,12.366727609438666,48,1.3873989843751096,0
1,7,3,12.311132420199968,29,0.5180937767336011,0
4,5,1,3.657937243793568,19,0.5514375174658135,0
5,7,2,2.542409683550863,8,1.5535076511527928,1
3,6,3,11.098021765633574,8,0.9186277042269253,0
1,4,4,3.1899768635026673,34,1.369069591021923,0
5,7,3,12.899124879666132,38,0.8034157716360034,0
5,3,2,11.166652774069473,31,0.9053733125925711,0
2,4,4,12.785555101113676,35,1.2569615839221129,0
2,8,4,5.186177514530845,36,1.9633541950341231,1
1,6,4,5.432372845747967,48,1.4244057338137874,0
5,5,1,10.397101788848447,43,1.9042221567695348,1
2,7,3,1.4402433708252655,56,1.9390697815804212,1
3,9,1,11.170954448723917,13,0.8121649946307612,0
3,3,4,12.700962991964417,45,0.9667904037034167,0
5,2,1,6.812290212457456,12,1.6549884218280562,1
2,8,1,11.708303621238562,18,1.8001460034370158,0
1,2,1,3.444552837751667,37,1.2788401162842917,0
1,4,3,5.511645513472786,27,1.9898391009208238,1
1,5,4,14.640269483546684,25,0.5173582981329055,0
3,9,4,14.808594429841767,59,0.9493889833778235,0
2,2,3,8.176470742302232,16,1.4347426306168698,0
2,4,1,14.079777080494276,6,1.2039348664062244,0
3,6,1,8.318229492795965,17,0.6749044496432011,0
1,4,2,5.082233794256203,8,1.0516806282208453,0
1,8,2,4.7365900333828055,24,0.5381707149425585,0
5,9,2,14.013079875154084,54,1.4641190691129191,0
4,9,3,3.4142494456340273,55,1.839113814494533,1
2,4,4,9.114854414825455,52,1.8273111856751882,0
2,8,2,8.777350952878075,18,1.5493167106483199,0
2,4,4,11.354703585141928,34,1.1986552932468912,0
4,9,4,7.9894007053468465,33,1.2680474280372347,0
5,9,4,4.811999249913879,12,0.7053782359934944,0
4,3,3,3.3715509948420994,16,1.0115256396788046,0
1,4,3,9.691463249082485,45,0.7815921132474104,0
1,7,3,11.065870595945263,42,1.7318003050249318,0
2,4,3,8.973297901548456,30,1.8721308520069395,1
3,9,2,11.336917879696726,54,1.3053848921301756,0
2,3,1,2.981296834299442,6,1.591646060769416,1
3,3,1,13.354582729203898,59,0.6821971563606912,0
4,6,1,9.153537117719043,44,1.4128019649158576,0
1,8,2,2.77581497649636,18,1.554186532066769,0
3,5,1,7.4669528588802905,10,1.1791521942671013,0
4,2,2,12.82708433012276,46,0.8649096267060479,0
1,2,2,13.565870708344242,44,1.8160617808120871,0
3,4,2,4.705093069982661,35,1.6143630799305837,1
2,6,1,10.957721545946344,21,1.8497859227737925,0
2,4,4,2.3997934647728734,29,1.7276039712467353,1
2,2,1,1.4696421997702094,36,1.985561644368294,1
4,8,1,8.845585353479198,16,0.7882590998216734,0
2,9,3,10.727586110593762,53,0.6301216517059611,0
5,8,2,12.141014236471028,17,1.0055041870058878,0
1,8,4,5.763027338374686,23,0.6935062625348883,0
4,3,3,1.0913557460044179,48,1.2846951693593365,1
2,9,4,7.713269319558953,52,1.4495433581116137,0
1,5,4,1.2219496352299377,29,1.3674329227601056,0
3,9,2,2.287783149391199,35,0.8888602030854051,0
2,6,1,5.573646315444477,41,1.8632360464531952,1
1,3,2,7.120408693842481,29,0.5317585456030677,0
5,5,2,4.91257217721508,20,1.0220200306452394,1
3,6,3,9.14611373106591,42,1.5784887130970915,0
5,6,2,1.7748970490533327,47,1.6503933895237393,1
1,2,1,3.024115943354186,53,1.1241778166477898,0
5,3,4,10.73361761057607,27,0.5253647198845506,0
1,6,2,2.9899719503708484,18,1.427065518685606,0
1,7,4,9.956852821985914,10,0.5946420217748236,0
5,8,2,1.7655846905471178,29,0.6617836642302717,0
1,6,4,6.703351907667965,27,1.475376079469285,0
2,5,2,3.483732581696553,47,0.9687324892142822,0
1,2,3,2.53490795549261,16,1.0220452290623794,0
4,4,4,8.938458969017185,17,1.230210615474865,0
1,8,2,13.996700808078705,40,1.967867592289061,0
4,2,2,1.7670186709296836,43,1.9481633311080657,1
1,4,3,6.901759475052479,38,1.1243914990401127,0
1,3,3,10.905496128436212,10,0.8982488258274233,0
5,3,3,7.477629643629578,42,0.9538882289961736,0
2,6,4,12.290943245473432,54,0.9031719472424062,0
2,7,4,3.515034422097844,56,1.2983687107126711,0
3,3,3,14.434318870388367,44,1.4102897117013928,0
5,9,1,6.392276788815567,12,1.233169082344499,1
5,6,1,5.781974861219852,12,1.1119915433722285,1
2,8,2,13.244481123044322,44,0.8169275563549067,0
5,2,1,8.894138446484732,37,1.22375838707317,0
2,3,2,8.230220786639501,38,1.011654070703687,0
5,9,4,11.177690873398033,48,1.3123931941975144,0
1,2,4,9.117679335935264,19,1.512784123267436,0
2,2,1,3.275219026599615,40,1.4499682616549159,0
2,7,4,10.438766720109015,39,1.19373531560839,0
4,3,3,2.8685643099497984,50,1.3340786364199415,0
5,2,3,12.282007874676868,26,0.9272841964411396,0
5,7,1,14.856312367971793,27,0.5363603885335846,0
2,7,1,6.283426749646868,44,1.4375291812521562,0
1,3,2,7.226582574828176,49,0.8788528387065304,0
1,7,4,1.6500711767593723,59,1.5034305651024118,0
1,3,2,1.192264633156096,55,1.620512749395439,0
5,9,2,13.899870688268587,26,1.8738916191556716,1
4,3,3,2.8007368461486886,9,1.9371841932194194,1
2,4,3,7.240902465832585,35,0.5157890694645522,0
3,2,3,12.414964733977861,17,1.9855613140319561,1
4,9,3,13.450462638996473,32,1.5245274777412414,0
3,5,2,8.271567593968546,24,1.4652862405612839,0
4,3,3,8.910455349663298,37,0.5228196427930332,0
1,2,4,10.375575614485815,20,1.7918501178301063,0
5,8,3,14.459354582012013,33,0.7182371708717395,0
3,7,3,9.437379453223071,27,1.7559952308995614,1
4,6,3,8.832653632388848,28,0.523343819388074,0
5,3,1,1.2034778937238695,38,1.468946393748742,1
3,7,4,2.133295828312985,11,1.1522023006547417,1
2,7,4,9.080402772735948,42,0.8011500935890027,0
4,7,2,14.107365429300845,41,0.6613420876556512,0
2,7,2,13.13367887759153,8,1.1601915448194897,0
1,7,3,14.756104921890865,38,0.6849587079821371,0
2,3,1,8.389676525857837,46,1.2296699175365713,0
2,8,2,12.031033138128736,26,1.4378255879792783,0
4,5,2,12.765604640850766,9,1.7410762904110373,1
1,4,3,10.072443202632066,54,1.5179741557742998,0
2,7,3,5.742498659003101,46,0.5977996500592258,0
5,7,2,7.579698085209122,27,0.9611487988217557,0
3,4,2,13.010839011409947,58,0.9319679118987506,0
2,8,4,5.179670963750295,19,1.8725486352066265,1
1,9,1,13.93240383773308,35,1.8016730665891454,0
2,8,4,4.217288779917311,13,1.0552218775256255,0
3,9,2,11.49322981219493,47,0.6067328838238717,0
1,3,4,9.827829280840337,57,1.8411609767071,0
4,2,4,11.494392175690672,29,1.8322849294462809,1
1,6,2,7.122866014056328,29,1.7821191980460875,0
4,6,3,14.056974875755785,53,1.7676224566032523,0
1,2,2,9.854610833760683,25,1.220381001629232,0
3,3,3,5.036141263759588,13,0.7661474783743973,0
3,6,2,9.93837098913001,59,1.2162320756936416,0
1,8,2,5.0154204608984365,52,1.2418966560041973,0
2,4,2,5.110853484638239,42,1.2348976298672911,0
3,2,1,6.59437916269215,26,1.3081588791726741,0
4,8,3,12.934025845967666,47,0.8864855344867326,0
4,5,1,8.004170241515888,27,1.0493617717004224,0
5,3,2,10.504611791222903,53,1.1512798879452042,0
4,2,4,6.487548363842482,8,0.6966818142747497,0
5,6,1,4.69047615729634,33,1.1830462018422507,1
1,3,3,14.36496225002724,19,1.7157044256043894,0
1,4,2,9.450137459722876,5,1.7420893140993146,0
1,3,1,14.075318740158057,58,1.1173456578515455,0
2,3,4,3.8477820307764103,34,1.2782124681265303,0
2,4,1,3.0565182947810587,33,0.550475498202585,0
5,7,3,12.98152069973465,24,1.5116488347028953,1
4,4,1,10.53284097664152,37,1.1069088244202945,0
4,8,4,3.6120989895509785,45,1.1682165246250187,0
1,3,4,4.771035809289529,48,1.810509090769647,0
3,9,3,12.209295181354356,40,1.1927516518409125,0
2,4,4,7.354160679943105,26,0.5317883693417791,0
2,7,2,10.387567091085272,17,0.8412363363035935,0
1,8,4,5.456928309904153,11,1.2134309214623884,0
2,9,2,6.337219338848274,12,1.1365944391228036,0
1,9,1,14.86997582072347,32,1.7905552059207208,0
5,2,2,4.466639220446059,49,1.31320626395925,1
4,4,2,8.090389278511196,47,1.5344536128726816,0
3,4,1,12.82163280466745,13,1.2039849455652052,0
4,3,4,4.349124991322012,29,1.1594836010887475,0
4,8,2,6.8129925935806295,20,1.169430002711527,0
5,2,4,9.611278023179835,14,1.1163823545407583,0
2,5,1,7.736634120651435,15,1.3078750787813052,0
3,5,3,7.433031731984444,35,0.8756651026304055,0
2,6,4,6.075136238509731,16,1.8365827907627312,1
4,4,4,9.21304858884895,35,0.9996283221408093,0
1,4,3,9.741217770930543,18,0.7212857512660202,0
4,2,3,10.146053572619076,55,0.6448257178966177,0
2,7,1,1.9851535106844105,48,0.5201343726801915,0
4,5,4,9.834478459968684,36,1.1342841178502923,0
1,6,4,14.345320502937259,54,0.781416482818137,0
5,2,1,8.573807297393172,57,0.5324718538808719,0
2,4,4,11.01373915512942,21,1.2800293194342856,0
4,5,2,8.79425230862905,39,1.5199678229761422,0
2,8,2,12.966368660287701,5,0.6286265763666565,0
5,6,2,14.014163324365965,33,1.1913811593794894,0
4,3,4,3.57907859014903,55,1.61544301790112,1
4,5,2,7.116040511799772,8,1.9787102315126377,1
2,6,2,6.493349413058098,27,1.5007855169638413,0
2,2,1,6.673011726189902,32,0.8672593262142809,0
1,3,1,2.757338537190263,20,1.5748304596684992,0
5,6,3,12.39062016373007,16,1.396894140229745,1
1,6,3,1.5007274022090935,57,0.8176989328723216,0
4,9,3,8.395172508180197,25,1.7766662387713321,1
2,9,3,10.266297432625677,49,1.1411066408414012,0
4,9,1,3.9045721328242804,21,1.942966482101189,1
4,4,1,13.681902689383138,44,1.584351511171667,0
3,7,1,12.739688898347103,17,1.4668447319477331,0
3,5,2,7.595172212774954,56,1.5925292562148428,0
4,4,2,6.756085052761942,36,1.2171455282273322,0
2,8,3,4.3119509529554,41,1.2578397167025108,0
4,3,2,11.219905145029491,54,1.7768110781671158,0
3,7,4,2.844413194847498,19,1.5213928049652543,1
2,6,1,10.523328553812963,16,1.8458649877874627,1
4,4,3,12.79439780565779,53,1.8362401303614029,0
5,9,3,4.198602062838332,19,1.9647350510663737,1
5,7,4,13.129983640582587,38,1.5503219882680013,1
4,8,2,1.4665247921531184,10,1.253452576492613,1
2,5,3,13.779023395411356,21,0.7494675503136236,0
4,8,2,2.657071189918172,52,1.558070839471126,1
4,3,2,10.040628491132457,53,0.9373665751398961,0
3,2,4,4.501154564795185,24,0.9244213520559968,0
5,4,3,12.711733476374594,13,0.8574316646721021,0
3,9,2,8.172205052816532,9,1.8126830860271754,1
3,3,2,2.893376677451019,27,1.8019466700232374,1
4,2,4,8.993881998563698,37,1.4464556673050872,0
3,9,4,6.710356542757764,42,1.2094714720561037,0
5,9,2,10.260269432583415,18,1.5081716901481985,1
3,9,4,13.346645986688433,21,1.410844175447586,0
5,4,2,6.731447836567859,23,1.123601372485081,1
3,3,3,5.058329513474035,37,1.0694463012284516,0
5,9,1,1.2032113233865231,5,1.0741914622180253,1
3,8,4,9.047746530038248,17,1.3837001047340574,0
3,3,1,6.63184674404007,50,1.4715040341812389,0
2,7,2,6.245089066207602,31,1.1776126302731629,0
5,8,2,3.561094497978975,10,1.9530371753195646,1
5,4,2,7.020774832677841,10,0.6257685770067216,0
5,9,1,14.782187350167156,37,1.0205705389306656,0
1,3,2,5.168558151411421,34,1.1286120246881615,0
3,6,4,9.395861787713404,50,0.5253820151974147,0
5,4,3,11.870816338419335,39,1.0474357815023376,0
1,3,3,11.488209524471444,27,0.9105648757592638,0
2,7,4,5.60284002489627,14,1.2590544053412212,0
5,9,3,9.552041169235906,55,1.0046158207749039,0
5,2,1,13.197705593782201,23,1.5892732024196918,1
1,9,2,1.2162639882630912,55,1.2648987431114729,0
3,2,2,7.1002809958063064,32,0.6946433502443965,0
2,6,2,4.139827855386674,27,1.6250919862165207,1
5,4,1,6.440852065583745,8,0.6488433441240149,0
3,7,1,6.8238545116533835,24,1.758573752119036,1
2,3,1,11.453393507012917,23,1.897133291129329,0
4,3,4,2.313506213536204,46,0.9836679352772808,0
4,2,1,8.176174643855147,31,1.8892139498943963,1
2,7,3,8.898727085182434,38,1.6895122386838075,0
1,8,4,7.918206449725261,8,1.8836534165056549,1
2,6,4,11.246225542878081,42,1.4994052053812714,0
2,2,4,6.373077582695863,11,0.8534660591321328,0
1,2,1,14.229538890961065,52,1.8417848553664589,0
1,6,4,7.745248195545179,11,0.7763976142561155,0
3,4,1,8.996994734607165,54,0.8195908265263032,0
3,3,1,12.557431526854492,56,0.9065944852105456,0
1,4,4,4.853305483035714,30,0.956369467229877,0
4,7,2,2.0528284026792347,30,1.2717194631965458,1
4,8,2,10.908975697074755,58,1.5701860406510662,0
2,9,4,7.762165977677301,23,1.8893122616010256,1
5,5,2,13.551059513425926,13,0.6326563810032537,0
2,5,3,14.757520682114077,24,1.931554043342354,0
2,5,3,6.587530908046208,46,1.8819844506452201,0
5,6,1,6.816146227635252,49,0.5809989382715584,0
1,2,2,6.71147643088017,54,1.040481706537344,0
4,8,3,5.543757536232966,20,1.7197150854490046,1
2,4,4,11.943619368729564,58,1.4173648182191017,0
5,9,2,11.625940674870186,21,1.6686409150726556,1
3,3,3,7.701028187707347,26,1.5785500081848314,1
2,5,3,1.6252570293045825,17,1.2451551696907455,0
4,4,4,5.333830221183028,16,0.5618270689275493,0
1,5,1,5.092242651767725,14,1.3764023030967516,0
2,8,4,12.355221446803618,5,0.5728499795889439,0
2,5,1,2.226058027826446,36,1.4055900763026963,0
5,3,3,12.279455306597859,34,1.7006162937405174,1
3,9,1,10.368571130788002,12,1.3774876230528779,0
3,7,3,11.25418042782629,25,1.9955327068425457,1
1,7,3,7.050984626190329,26,1.1837997502706497,0
4,8,2,10.516161144024615,22,1.623241195405981,1
1,7,1,9.526405225896822,6,1.5008199376128613,0
2,6,1,11.765722733200812,52,1.987147537337132,0
2,2,1,7.25477768255553,48,1.5698285076156577,0
3,6,4,7.619558748548234,13,0.7460460971890841,0
4,4,2,10.010067118357483,7,1.9332765596258614,1
5,6,2,2.513084911329436,58,1.501665839668642,1
4,4,2,7.107422277100442,30,0.5890073462095848,0
2,4,4,14.607311833637278,25,1.4863524586769188,0
5,2,1,1.5257324808406385,34,1.8246791100121627,1
4,3,1,5.424066120129513,32,1.3655627929850376,1
4,9,1,5.39753746725119,40,1.0310294570480167,0
5,8,2,9.868497669300817,30,1.731364451105924,1
2,2,2,2.4812050319379586,38,1.6737680123087442,1
4,8,3,9.799616432304056,12,1.3162732313469512,1
5,7,4,2.3305633691226717,14,0.7315426548438505,0
2,7,4,2.329351063856634,52,0.876479728284772,0
5,6,2,11.194567000638752,59,1.6077259582791585,0
5,4,3,5.537892433659149,47,1.7091232480923912,1
4,5,1,14.683921267992469,54,0.9188979170614846,0
2,5,2,1.522941110097769,58,1.05197761578018,0
4,8,4,7.231493292051917,18,0.6164478278746928,0
1,4,4,2.583903127436331,44,1.5701929225497497,0
1,8,4,5.919305534613521,59,0.5053663169000471,0
2,2,1,14.975114308526708,19,0.5698122818286021,0
5,3,4,13.443795164339445,21,0.5065161016761348,0
4,9,1,1.6765417239755567,57,1.4679793750064252,1
4,2,1,8.885581813559568,22,1.1260806915508197,0
2,4,1,10.0695122675421,36,0.9463201420149954,0
2,4,2,3.9334847353017595,42,1.8690515155356655,1
1,3,1,3.0314780275503033,27,0.78920419201491,0
3,8,3,13.661335885317328,50,1.0840520155721007,0
2,6,4,14.563430180767273,27,1.9104677013916276,0
3,6,2,14.886500002474985,39,1.1406598442555635,0
2,3,4,12.056664832284884,43,1.3320405284705867,0
5,6,1,10.2890289716736,19,0.6205052998542313,0
5,5,2,5.840223530701971,57,1.6852495803401935,1
1,6,3,3.399576372546534,28,1.1341381656323573,0
1,6,1,2.1057283911272435,32,1.700772686897725,0
3,6,4,10.706164559720888,20,0.8806964638339883,0
2,5,3,11.986127812511016,20,1.133718125842115,0
4,8,1,12.570351134369721,44,1.6798234045475156,0
1,6,3,13.79271004625318,43,1.9608166505654596,0
4,7,1,13.31901389093723,10,0.5894382865809034,0
4,5,2,14.996377811613296,6,1.7186842661283563,1
2,3,1,4.416896153541518,58,0.9510336014406653,0
3,2,2,11.686306612970949,17,1.3261149213366084,0
2,3,1,9.210433173247168,48,0.9351383974261218,0
1,2,1,4.657431854350153,51,1.4201682088519854,0
4,9,4,14.746674512017199,13,1.0307042459659632,0
2,3,3,13.57057346683953,38,1.0004223364665221,0
2,7,3,2.79921935821763,21,0.5569074694039033,0
2,2,3,1.3662167925278779,31,0.7204406088557174,0
1,2,1,10.636630672657477,33,1.8756172982982182,0
3,4,1,9.457828803991491,41,1.9974161433098696,1
2,2,1,14.101418737556044,47,1.6707808638044097,0
1,2,2,4.2760740202451775,26,0.9302189371602302,0
4,4,2,2.181431270529819,55,1.1036677076653887,0
5,6,4,4.629014672807811,28,1.6092551823591241,1
1,6,1,1.2649869671604883,11,1.9527703353247972,1
5,4,3,1.502498516645054,38,1.1832067560940513,1
2,5,3,13.808009282890634,52,1.744283622932562,0
2,9,4,5.928232155026296,16,1.9626033838980754,1
1,2,3,6.751326014135529,27,1.8102097565840065,0
5,2,4,1.2572031635334617,19,0.8407246201569905,1
2,4,1,4.787304922405852,37,0.5120477958134344,0
4,4,3,12.266163772380034,17,1.2381225580826227,0
3,5,1,9.61687343533407,27,1.2970412475429003,0
3,7,2,11.552928415209815,42,0.8018755468267544,0
2,6,3,7.260992371112991,36,0.9270115879202265,0
5,3,2,5.33620910451862,49,1.6477297412728205,1
2,7,3,7.759341306597184,54,1.2055208880697006,0
5,8,1,5.522994957680517,39,0.976031125400385,0
4,6,4,12.745595353436952,5,1.4339390410428792,1
5,2,1,5.16743201829984,51,1.479139633964188,1
2,8,1,10.236690966343172,49,1.6540936652612033,0
4,7,1,2.9177511123333897,9,0.7350639436443787,0
1,4,3,10.616130912288739,17,1.6122758784904854,0
3,5,4,13.786195962400473,58,1.3991425881656279,0
2,6,2,9.520164164958716,9,0.5863577979541956,0
2,5,1,8.83797532048268,36,1.6661684423801166,0
2,8,3,14.455655752302963,55,1.0746204219997777,0
4,6,2,9.783551774421849,25,0.9955714014944563,0
1,9,1,4.633706065823156,28,1.1721127273724514,0
5,9,2,5.0934743338683655,22,1.0192626159591935,1
1,7,1,10.874292995502982,25,1.0074283883148636,0
4,2,2,11.296112314490609,58,1.7121165015509383,0
2,9,2,5.248947245046213,14,0.6867578815485385,0
3,9,4,5.834815690968623,28,1.955900101786188,1
2,3,4,14.874791122347219,44,1.332397466561515,0
5,5,1,2.427335694123884,51,0.7743859976319694,0
3,5,3,6.66503039816139,25,0.6968232243975298,0
2,9,4,1.8742654367651044,29,1.3872642982024739,0
3,3,2,12.495097067975374,56,1.449499165770392,0
1,5,4,2.2928417452360517,27,0.5795386565447161,0
4,5,4,10.436102990477956,26,0.8645028711931787,0
2,6,1,1.7907679360487487,8,1.6931928818322008,1
5,6,4,10.419970529335675,38,0.5744369416152882,0
1,3,4,12.802517256987846,10,1.782632995859054,0
2,8,2,6.583501376936804,32,1.4872437147895003,0
1,2,4,8.309770908050476,35,1.1516348890448072,0
5,7,2,6.6215843320739545,39,1.0196492734563738,0
2,9,4,5.2068426208569445,43,0.5288734457733409,0
5,9,4,12.245687608779795,46,1.7378224186277647,1
3,7,3,4.808036032233856,27,0.7140827809528072,0
5,9,4,11.121207941452258,10,0.9643129877931321,0
3,9,2,3.8867591095728313,20,1.3536604705442057,1
2,8,2,4.497953145096615,6,0.8689889001068813,0
3,5,1,5.710456276080972,28,1.245710695628302,0
2,2,1,9.248189283513035,21,1.7140142431080534,0
2,9,3,7.361912468233576,49,1.2058069021854123,0
4,3,2,11.432027337589485,5,1.923466016179394,1
2,8,2,3.9899422047066926,10,1.7712509305645125,1
3,9,2,1.1494120298836776,9,0.9995588530450913,0
4,3,3,11.87180460499308,49,1.0999431868759066,0
4,6,2,12.503090674321014,59,1.1349900905337909,0
2,5,1,1.8327222835174537,54,1.439269179386772,0
5,4,3,9.55270531021755,33,0.9301935937828096,0
5,9,1,6.294894974223091,16,1.953873708233763,1
4,3,1,12.114539172723235,43,1.4130263309052513,0
2,8,3,13.241803758750699,51,1.0991024881117002,0
5,5,4,12.914052735161487,7,1.4675147232373509,1
2,2,4,11.88085946291193,52,1.0931075157945616,0
2,8,1,4.7667312023902815,5,1.7266935214691284,1
4,6,4,12.366455009956434,31,1.351761440827582,0
4,7,2,8.468698662688098,52,0.5629557551091005,0
1,9,3,1.7385926076492715,28,0.7651353011351911,0
5,2,1,7.397143898575486,48,1.797490959544302,1
5,3,2,14.190210838419906,23,1.3443497395351849,0
5,9,4,13.430030896297737,12,1.9255152147708576,1
3,3,2,2.4316999339596244,59,0.6086334692910271,0
2,2,4,11.417773600001183,48,0.9428909451289609,0
4,3,1,12.281100123415285,51,0.7903150598593589,0
5,8,2,4.799434635314707,6,1.3307604383431042,1
1,5,3,7.602519990375292,34,1.0741892466198641,0
5,3,1,10.95383118049156,34,0.7359103011145898,0
2,6,2,7.1465808434960705,53,1.4641278709393204,0
2,5,2,2.5791568641320772,43,1.3044475486957796,0
4,8,4,10.882354225544102,49,0.9121043769444515,0
3,9,1,13.762941656294249,36,1.2196570366735666,0
4,4,1,10.134786197686205,5,1.6186074725617843,1
5,9,1,11.833210479966475,42,0.8079075118259877,0
1,3,1,6.017075499209599,17,0.9393586200525936,0
4,3,4,3.5647754317728877,15,1.0191664806411727,0
3,6,3,9.998831262656095,14,1.6200896558015474,1
4,8,1,5.588796881777064,52,1.7703838993263605,1
2,6,4,13.041029265857098,30,1.0645827446624163,0
5,7,3,2.716792699692092,59,0.9449312927508773,0
5,8,3,7.068491796263732,24,1.834170137527516,1
5,2,4,6.554186406557402,21,1.9990473982890182,1
5,2,1,14.132753949755015,21,1.5055304594926986,1
5,2,3,3.1438872084616545,8,1.9849709224837713,1
5,6,1,1.1378555501681533,9,1.4899494167028648,1
1,2,1,4.333192979299646,27,1.6001904080117373,0
3,8,2,12.483876036761163,50,1.0829840023152704,0
5,2,1,3.9305054246582385,56,1.1494513204985801,0
3,4,2,4.372292891876758,14,0.7162034959840927,0
5,2,3,2.818583263515351,50,1.7341250221476847,1
4,3,4,11.016106845871565,32,1.8965885463308,1
5,7,2,1.9684386670758405,37,1.4351572005411681,1
2,6,4,5.636916232599303,47,1.0154709626680978,0
1,5,3,4.954982172693503,30,0.7310244880615494,0
4,7,1,8.772236217062167,59,0.8977343445579724,0
4,4,3,11.225827710276297,54,0.8831156312777649,0
2,6,4,8.460270085754463,52,1.4202918262453597,0
5,8,3,14.034363901650947,33,1.9175561980454066,1
1,9,1,14.320196944422648,31,0.5724078304369722,0
4,6,3,6.060514598979216,22,0.501533449391672,0
1,3,1,11.887525267848499,44,1.4002729164714884,0
4,8,2,11.343219365754656,14,0.9260906931195729,0
5,7,4,13.501504283867583,46,1.8208225135084355,1
4,7,1,7.271210962907846,9,0.9908754618587254,0
4,2,1,8.426624620769092,14,0.9346064007933339,0
3,8,3,6.8208403901420365,54,0.904265931827446,0
5,9,2,12.905276870195879,25,0.7172792409023662,0
2,3,1,4.215832415069881,28,1.3722957114156658,0
2,2,2,4.355927095394225,42,0.752320403501315,0
5,2,2,6.2164714500791165,7,1.1369467396854362,1
2,9,3,4.224799649432916,44,1.1914580783834734,0
5,6,1,8.854095709808892,35,0.5307380703169617,0
2,7,3,2.8828614909370325,45,0.5252109197317137,0
3,2,4,5.4826070716567745,41,1.2803190331352439,0
2,4,4,13.788225778658258,6,1.5440520983436983,0
4,4,1,6.729156722685143,6,1.913213723420607,1
5,7,2,11.47527203090913,43,0.7686789262354327,0
1,4,1,2.5884706838920364,53,0.6548882141541239,0
1,9,1,4.465903113984985,46,0.5781318603907264,0
5,6,4,12.30283869680516,48,1.1540623743694254,0
3,3,4,11.681901108055717,38,1.4347210510039354,0
2,5,2,6.406182860313496,46,1.7608300351268964,0
3,2,2,14.36155662846864,24,1.523967323439697,0
1,5,1,13.749002221683636,37,0.812541183612286,0
5,3,3,14.472210487571358,8,1.1926555495944184,0
5,3,1,6.990805662628995,49,1.865519519462983,1
3,9,2,3.7646301715995625,48,0.9901115937160568,0
3,6,3,9.773220947278775,15,1.2480955476378972,0
2,4,4,10.586824215908779,46,1.937848001965545,0
4,4,2,2.75618498230728,51,1.6020620083605466,1
4,9,2,12.010762480142683,9,1.6216105784625379,1
2,3,3,1.2528430766394474,29,0.8785010066198414,0
4,6,2,7.758197424674967,53,1.1220471774576923,0
1,6,2,5.634227632928528,41,0.6235132446450826,0
4,7,2,11.364242838587177,38,1.4097888005758006,0
2,8,2,5.378650183905423,13,0.6555952468137413,0
4,2,2,12.575299578934459,10,1.7538643733089323,1
5,9,2,9.329348842931347,22,1.7218306805299952,1
3,8,2,12.11450706466901,18,1.3004076516834644,0
1,9,2,14.850768929754732,23,0.7117490497955445,0
5,4,4,10.508216840409796,18,0.5383684747927522,0
5,3,2,14.789304429063018,44,1.6950630013138586,1
2,9,4,1.4037085769038748,21,1.4002107248201403,1
3,9,4,5.733959838773318,39,1.566394455121825,0
3,7,1,2.509945703872328,33,0.9557106886045514,0
1,5,1,4.6722690393821535,46,1.2642241067658717,0
2,4,4,12.744430587760842,21,1.6207612558094757,0
1,2,4,1.4525257145652644,47,1.1938449624706993,0
4,6,2,8.282561100253512,12,1.4020763341530964,1
5,3,1,8.939801905453223,5,1.6845923927119435,1
1,4,3,8.856116053407385,49,0.8228309678995682,0
5,5,1,7.65415903352558,57,0.5988933340362235,0
2,9,4,12.068441506776574,40,1.2977352662162076,0
4,2,4,2.8696032530777162,11,0.5931886560801436,0
2,9,2,5.348078217711023,50,1.6498359415501298,0
4,2,2,9.620164748232419,9,1.578817171450683,1
4,7,1,10.673319127751382,28,1.8225690071979455,1
5,9,2,6.658078044878788,32,1.4593431470509408,1
2,4,3,13.255197686581264,47,0.6007963561285606,0
2,5,3,6.8169075537428006,21,0.8797281882344261,0
1,2,2,6.638865880876664,41,1.711897766844079,0
2,3,3,1.5069016608233894,24,0.7506986259703816,0
1,2,3,8.715978706726274,7,1.5477207017223311,0
3,5,1,10.92153173916667,41,1.670388996380717,0
3,6,3,2.6021342892358734,30,0.9951676967828618,0
3,6,4,5.276058725230191,19,0.9834462101043627,0
2,7,4,11.93759735295993,55,1.3367040218137203,0
2,4,1,6.122872095790056,52,1.7919294991321455,0
1,5,2,4.382434468560558,12,0.8358593028702208,0
4,7,1,10.41080928991157,17,1.911887294063604,1
1,8,2,3.754622887403179,52,1.3986780272301624,0
3,2,2,13.539140874164476,7,1.9881897070284142,1
1,8,2,2.4783775443659737,5,0.6344205859929839,0
4,2,2,10.891697231959578,13,0.6898432047601386,0
2,6,2,7.993681818009253,35,1.739962705570224,0
1,7,1,13.17901387355791,45,1.7971338434057738,0
3,6,2,2.7667312743673125,58,1.168188032556401,0
3,3,3,10.490528858945229,30,1.5711067642135024,0
2,8,3,9.00876494853934,21,1.8013359311683077,1
1,8,2,7.72126199136065,38,0.5646916823282431,0
4,6,3,7.879701688057358,13,1.360925634489888,1
2,3,4,11.107677465179432,55,1.7802209997897345,0
1,2,1,14.12838316908751,17,1.0972324168771626,0
5,7,1,2.2775232276666735,9,0.9535754091686404,1
3,3,2,1.2730370665472832,45,1.6935600276422562,1
4,7,2,12.279867094736849,17,1.0036798752542544,0
4,8,4,2.514371425710631,5,0.5047614472767548,0
4,7,2,14.813755145125933,29,1.9393588814435985,1
3,8,3,9.670875485423721,51,1.3881848545265276,0
1,3,4,10.112129533557969,8,1.7292768780651069,0
2,8,3,3.7844838411322437,40,1.7379523435140718,1
1,9,1,4.364372344153442,56,0.5996156305590992,0
2,4,3,10.230904243389501,14,0.7562902990796971,0
4,8,1,13.736175731078758,32,0.9666810211394711,0
1,6,3,14.753467763245933,10,0.9810489275619843,0
4,3,1,3.7724332528353113,31,1.4881791765213692,1
5,9,2,2.8776747179370625,16,1.4346993811290272,1
4,2,3,1.7896190086510666,56,1.2418846670147206,0
4,7,1,13.15615825425859,52,0.8168955984631519,0
2,9,3,5.126007855990562,7,1.072975204535455,0
5,5,4,1.0253684741695233,50,1.3153909526977543,1
4,9,2,4.133453204790004,37,1.2019780491559129,0
4,3,1,5.766175121391858,14,0.6909387996426175,0
5,9,4,14.873806372953593,35,1.4742657402528856,0
5,9,3,8.329582313999143,19,0.6095776652159908,0
1,6,4,3.865995266331418,11,1.0672920246216204,0
2,8,3,5.687456825988315,40,1.5650440215128436,0
5,7,2,5.624307625796298,18,0.5300353017795598,0
5,4,4,1.2761604504844568,52,1.3549742285679742,1
3,2,2,2.892562758400021,18,1.001781461214946,0
5,4,1,10.732750435844956,7,0.5132477651341016,0
2,9,3,2.683513811990285,53,0.7855749065914578,0
4,5,3,4.230279872485663,57,1.9114192899059816,1
4,3,2,5.910322177660323,50,1.2817233582576355,0
4,7,2,11.608289223032113,54,1.9958408069436975,1
4,3,1,9.153613508151157,7,1.2872251255471117,1
3,6,4,10.645999789839957,26,1.3159046184354024,0
5,3,3,8.93817255588241,23,1.0877645193992787,0
4,2,3,10.570293953106166,39,0.9650606280971215,0
1,5,1,1.0397901512956143,16,0.8773183296994171,0
4,4,1,14.032574021200013,58,1.015130924196011,0
5,9,2,2.552883232247291,9,1.1897766213506482,1
4,9,2,6.6874873436766675,14,0.7879879253461851,0
3,5,4,11.794537183427966,45,0.8373126377085438,0
2,7,1,7.0932300521319345,37,0.9073171530026587,0
2,3,4,14.255795723345223,17,1.1738898378962588,0
5,7,1,7.546245278982735,39,1.4792200502213646,1
2,4,3,13.2491516784374,55,1.784219225429431,0
2,7,1,12.351593587071793,36,0.930697755780715,0
1,6,1,14.733808239181563,15,0.775592510512156,0
5,5,3,13.971668930513657,52,1.0682711972758325,0
5,4,1,13.573733685980303,42,1.8415746145577836,1
2,4,4,11.242460767272556,28,0.5147910925057092,0
2,8,2,6.137974061755091,39,1.516802924086618,0
2,4,2,2.4857558599086342,23,1.2157400696173721,0
3,8,4,10.64103073170146,10,0.74156932244102,0
4,2,3,14.70115713873151,44,0.9815322894117,0
3,9,1,11.172462122646166,58,0.8374250658155509,0
5,8,4,14.002211169882697,49,1.8167482518351834,1
1,5,2,12.260265981377234,48,1.2228100759174854,0
4,7,2,3.2836054516335027,46,1.3446414168087393,1
1,8,4,4.488852788278022,39,1.3905314290055308,0
5,4,2,5.786118424672905,8,1.459425686903534,1
5,5,4,3.3556462207320576,37,1.2433335355638948,1
1,8,2,9.143118657422095,17,0.5268102962544737,0
1,8,4,14.656307337889318,40,1.0020840303719778,0
1,4,1,11.66042366810622,58,0.7758098610814868,0
5,6,1,6.927414486944466,47,1.5202142643675154,1
2,6,1,1.0630627337240413,23,0.58505697705507,0
1,8,1,5.385864155934502,47,1.3457050866674662,0
4,6,2,8.374630027691014,16,0.8159475834114513,0
5,3,3,5.539512233927589,15,1.9232687577005918,1
3,4,4,2.5544889223340332,10,1.0033114132798033,0
3,3,3,7.198709396066524,16,0.9878317870619513,0
4,5,2,4.545539437520027,31,1.8850770019860856,1
2,3,2,13.72925327046102,45,1.126021880456212,0
1,5,3,2.4245633990142204,29,1.9442935012786133,1
5,8,3,1.6881368021459453,46,0.5362555282002552,0
1,5,2,1.0743983681680687,7,0.9595168628032195,0
5,5,2,5.592975582799209,7,1.4992894403996466,1
3,7,4,10.24541573481244,24,1.8362854467914578,1
1,3,1,11.225792540345097,32,0.8846083895124259,0
4,7,1,7.345663567344124,27,1.8957163879455023,1
2,8,4,10.580601106373734,52,1.3911821997487823,0
4,4,3,6.038796507015088,7,1.701512364796874,1
2,3,2,10.349287079812637,46,1.0958109564603458,0
1,4,3,1.5683437942332277,28,0.81827057385031,0
1,4,1,6.470541783938058,47,1.8668531231715397,0
2,5,1,12.071895486864507,44,1.899703802609328,0
3,9,3,12.242084426426018,10,1.2463627162312032,0
5,3,1,11.026082904259724,24,0.5097425239988848,0
4,4,2,3.8593406879781016,15,0.6646744305056067,0
4,9,4,4.460871665028865,36,1.3595419403475826,1
4,6,3,14.945242181703172,31,0.5356650534528293,0
1,4,2,2.4472921008274384,25,1.0953678859800429,0
4,6,2,3.5292777846337313,48,0.9550549183580188,0
5,3,1,2.8203675791018563,52,1.571522413103307,1
5,8,2,5.587169491570618,54,0.5833680094219029,0
2,7,3,3.942461693274927,17,1.2330969034659311,0
1,3,2,7.96763143366881,26,1.368671404813408,0
5,7,4,7.664289896321678,39,1.4259366140789265,1
3,7,2,13.621078672318244,51,1.1077365080254113,0
1,3,2,1.4863592642269408,26,0.9565516751443264,0
1,4,4,5.478314073348686,32,1.5237395506057232,0
5,2,2,9.353210487959263,25,1.7713535721537426,1
3,4,2,9.467224665815493,50,1.5404264566743182,0
2,4,1,7.721767206198929,22,1.8981535481858325,1
5,8,3,12.419317571404871,35,1.5758952880368908,1
3,5,1,1.8781103998024231,50,1.6469281010204275,1
1,5,3,12.416828718121902,41,0.7518547949031333,0
3,4,4,7.92655936609985,25,1.1293094667900676,0
1,6,4,2.87264973107803,18,1.2275829964339477,0
5,8,4,13.399826789566687,29,0.8844397434419115,0
5,7,3,10.089202913573489,31,1.2928097905344318,0
4,9,3,3.2896396155379497,44,0.9361879163327713,0
4,5,3,1.4710961275863725,27,1.531253139206624,1
4,4,4,2.97553507665709,35,1.205432715054764,1
5,8,3,9.52317144252551,51,1.1882104314035535,0
2,2,2,3.5101472936406783,33,1.9754637965492177,1
5,6,1,4.160683048250394,51,1.0886672728138556,0
3,3,4,1.3519561605883985,34,1.0434431488843525,0
5,4,1,11.121029411340452,55,0.9779065569239815,0
5,8,2,12.34510159663212,30,1.8421238314636972,1
1,4,3,12.155874474809725,24,1.2450857391472674,0
1,9,1,2.785954119099979,42,1.4000217162209534,0
1,7,2,13.646215783442631,23,0.7712277185035925,0
5,6,2,10.41190361263712,31,1.3114135400073903,0
2,5,1,13.565400713276103,29,0.9119722893027324,0
3,5,4,7.26024706342929,44,1.5959553818943162,0
3,5,1,7.117368055171768,42,1.7487925231885733,1
2,9,4,11.983511261588534,56,1.5722160381969164,0
2,3,3,2.3061699766744095,27,1.595366249405386,1
3,8,4,8.292236512888401,33,1.2687120561792755,0
4,6,3,12.70937929883716,19,1.5681770845012029,1
1,6,1,12.622695882973998,7,1.1340304032622404,0
1,5,3,14.385859988793166,14,1.4772337302944196,0
3,5,2,10.77581630942765,19,0.888558815180772,0
2,7,3,3.908788812156197,20,0.6046355184680152,0
4,9,4,1.2839244085241315,21,1.1202098961829527,1
3,2,4,7.7118211807794275,23,1.192667233670735,0
1,2,4,8.191854118715778,15,0.884610737283035,0
5,4,3,4.36367618298504,52,1.5915642776108565,1
2,4,4,2.7457642597304446,9,0.6103257184644189,0
5,6,4,9.206914326667125,9,0.8341224865687829,0
3,6,2,11.699579436337977,18,1.6228470776804402,0
1,3,3,14.904157450262247,54,1.1556864106100186,0
4,3,2,11.616236640947259,30,1.5579254360589687,0
5,2,4,12.110853799578134,12,1.3512288166753943,1
4,9,4,9.630452295203165,9,1.9260691249960438,1
1,4,4,14.802917225580249,11,1.3966937490842495,0
5,2,3,9.959389391603986,20,0.5223034615182796,0
4,9,1,13.043546009595861,59,1.029316025756501,0
4,2,4,14.24098504737338,18,0.7145910233070616,0
5,4,4,14.018019007007853,41,1.8869505163965548,1
1,8,4,6.339814812966991,45,0.6560186814276205,0
4,3,4,2.101268816399621,8,1.0815599946966312,1
3,7,3,3.4062318355494554,40,0.8391487904400383,0
5,7,1,1.8291262755525046,52,1.7700829855951001,1
2,7,1,2.4755570876079602,21,0.9628497463833754,0
2,4,1,3.585117442511767,51,1.9878402247139675,1
1,5,4,5.775320432223625,40,0.5579249084183764,0
3,5,4,8.60955505205106,10,0.6924151586938487,0
4,5,1,10.963548830971204,20,0.8369581646436637,0
2,6,1,3.9529827054911673,33,1.7166590603002392,1
1,3,4,10.41531365933395,40,1.8177758135960236,0
3,3,4,10.859627043033875,42,0.6071770709141335,0
3,8,2,8.820712716126652,41,0.5486902126434146,0
1,8,2,13.650650177181948,52,1.6168352856568688,0
1,6,2,2.553927394905349,52,0.7000280101304202,0
4,2,1,3.4797004064338726,14,0.6994978806119587,0
1,9,3,7.001307541452787,45,0.5335498017416439,0
4,8,4,2.7739782932793444,40,0.5747118163751328,0
4,7,2,8.928146012137224,33,0.8955131878932336,0
5,5,3,6.5776065325319415,18,0.5975082341162095,0
3,7,4,4.984341123502858,8,1.0533186374889134,0
3,5,3,3.3798573822469216,48,1.7491625468410237,1
3,7,1,5.6947353368749445,46,0.989480385982389,0
5,2,1,9.511430911652788,40,1.5917512438690573,1
4,9,1,9.060992952451763,54,0.6408649472465451,0
4,7,2,3.2907360029432735,49,1.4890627811292392,1
1,7,4,2.7488773503688675,17,0.9751207748861526,0
5,4,1,1.3734746765242154,50,1.624629318045557,1
1,9,2,1.1739583131150517,22,0.7043780210845728,0
5,7,2,13.317346100075593,37,1.8468250666467227,1
1,4,2,1.631243984075459,25,0.863865804346905,0
2,3,2,11.237095538225448,20,1.0297066899217646,0
3,9,1,13.207791347429398,19,1.9252710662270625,1
3,6,2,2.3728098798744064,58,1.3677235395962883,0
4,9,1,7.108219933662246,9,1.048657278444533,0
2,9,1,14.472241764439874,10,1.9244032205504475,1
3,7,2,12.67794124733019,42,0.993616125335048,0
4,3,1,7.8558564460099705,7,0.6423060690127697,0
2,9,4,11.67599557908174,52,1.9952733317891298,0
3,8,4,12.667286742043293,16,0.9017673808383708,0
1,8,3,5.87237748464207,40,1.7768867730494111,0
5,4,4,13.490140836179453,37,0.7483111922346308,0
2,7,1,7.586626475480195,40,1.597030957666067,0
4,7,1,8.389303089823619,37,1.286674091708378,0
2,9,4,14.995906929505635,35,1.9713598374351944,0
4,2,2,12.806241526130258,25,1.3292455341385994,0
2,3,2,6.06478008082172,31,0.5375227278362812,0
4,5,1,1.1448383506177993,31,1.405816984436132,1
3,5,2,9.766437033114526,12,0.7179746845049391,0
1,2,3,10.85478796579351,41,1.6978113729231308,0
3,4,3,10.111237662007316,36,1.7848522947348484,1
1,5,4,14.550072916284982,30,1.2231402781920715,0
3,9,4,13.08159438265002,6,1.674832185578448,1
3,5,2,7.283643704529079,16,0.7176661032224076,0
2,8,1,1.8800048246133334,26,1.2381172798034692,0
5,8,4,7.664822773027956,21,1.090916397035877,0
4,6,3,10.649416279468323,11,1.416976080579622,1
4,3,4,9.507937315178065,47,0.56671578320474,0
4,4,4,8.533918947952388,8,1.628184257372941,1
1,7,3,7.563465412213379,41,0.6186939342120255,0
4,3,1,5.1126662223834085,42,1.4847072762952473,1
4,4,4,4.882854664144809,36,0.5276858383099163,0
2,5,4,8.003240704961227,15,1.7478320956350943,1
3,6,4,3.2484440500150864,5,0.762049445335672,0
4,3,2,5.769595930047222,29,1.2732462139654857,0
5,5,4,5.535709845941394,46,0.892239355591429,0
4,4,3,9.219859222178812,56,1.5839708030916027,0
1,3,1,1.9335522050823442,28,0.9820266502845818,0
1,7,1,12.615361523711332,57,1.586913790382476,0
1,3,3,8.87329732538163,47,0.9273068102532147,0
4,5,2,10.391573530863095,21,1.62870963640364,1
2,9,3,10.84331465263206,12,0.5459082445053564,0
5,9,1,5.080777915795511,49,0.9249670030607726,0
4,3,3,7.585201943388132,31,1.2479502596604184,0
2,7,2,14.387443382175341,56,0.5675893728795882,0
2,6,1,11.733873331955408,22,0.779051092056918,0
4,6,2,14.573796253124595,31,1.9018054724618048,1
4,9,3,11.447560832048037,26,1.965251397770284,1
2,5,4,3.4584019559192436,20,1.6096249210857283,1
2,4,3,1.9035023738254673,6,0.8783000759253693,0
2,5,2,9.08726011407529,9,0.8907761681539534,0
4,6,3,6.009385915836534,22,1.4686855366926093,1
2,2,4,4.856410741934383,7,0.6763994248980527,0
1,2,2,12.300953949955845,31,1.92246407064555,0
4,3,3,6.1379057391472625,58,0.8372193492652769,0
1,7,2,5.438013576280255,21,1.9994534381381657,1
3,9,2,12.899826304366146,20,1.2436006929536907,0
4,8,1,12.848022710810442,10,1.6571449834894045,1
3,8,1,5.989132928570792,55,0.5032761417583358,0
2,8,2,12.654981813803527,11,1.833119607127463,0
2,3,3,12.910898864657247,54,0.9050030671708706,0
5,2,3,6.935027490415328,18,1.501905116822098,1
2,6,3,1.9306238229284018,42,1.7095329211903845,1
3,3,4,1.0221850225287614,44,0.7462216108385031,0
2,8,2,8.32609448044593,19,1.1637642219938433,0
4,8,2,5.81705690718498,51,1.2407539109778851,0
2,9,4,14.959846518217123,51,0.9681791980088068,0
5,5,2,11.81375399478198,52,1.2226337445934723,0
2,8,2,11.657856388905774,37,0.976318486483007,0
3,7,4,14.373398756022812,47,1.0411216175828137,0
3,8,1,13.428141570506492,31,1.5039967680541084,0
2,5,2,5.454624712389442,33,1.4488899024574957,0
3,8,4,3.3238211024542688,41,0.8483985886962879,0
3,7,3,11.442491710916752,9,1.846224327193137,1
5,6,1,6.295834511560222,33,1.7941828185070858,1
4,3,3,7.624417122833391,36,1.2636249600349274,0
5,7,2,9.825568237847577,57,1.1498761140436256,0
1,5,1,13.71021747709337,10,1.0652839744761633,0
5,3,4,6.867228551393524,6,1.5609018779996586,1
2,3,2,11.966436463071059,10,1.5074990858142057,0
4,5,4,4.756757077845204,50,0.7942709104069681,0
2,9,1,10.77160507293059,47,1.507187046950542,0
1,2,3,1.0221118950907662,8,0.87864679115306,0
4,8,2,13.201100988868887,33,0.5278375047852883,0
3,7,2,1.425314119362475,29,1.5488130163060656,1
5,5,4,10.978552566676179,13,1.4671904036911243,1
2,6,1,1.6476146496579744,7,1.1162138935615122,0
1,4,4,4.727439791516048,30,1.2885290838792591,0
3,5,1,7.960833649791743,52,1.9207537875586396,1
5,8,2,6.8791415948753345,47,1.3928002713581566,1
3,8,1,3.685705604414148,31,1.4868259030047972,1
5,3,2,5.673408763929324,40,0.5958669814237116,0
4,3,1,11.187889180853539,36,0.7489916910126879,0
3,5,3,10.369599296115076,5,0.9514284146173823,0
3,4,1,2.0054041726948197,57,1.3090689770422146,0
3,9,3,11.46242155802041,58,1.664886343974982,0
4,5,1,1.742642336758397,20,0.9818613166828805,0
1,4,1,8.60096944739698,55,1.034573645718161,0
5,9,4,4.6408784725906695,52,0.8842263277606233,0
3,4,4,9.227661785837464,15,0.8819139939429588,0
4,8,2,4.658597543172625,30,1.9232957688421948,1
1,8,4,14.789411574761635,44,1.453185769428335,0
5,8,1,5.3361945721854465,59,0.7338518653099202,0
4,6,4,4.387448899442944,5,1.5833728671263898,1
5,8,1,4.898514072814844,30,1.5830317150400435,1
3,7,3,13.550620001630135,32,1.4997052940805575,0
1,3,1,9.907063601370826,57,0.7020806676359954,0
4,3,2,11.22957736389087,13,1.1119872252043803,0
1,4,3,13.852147141320906,48,0.6601344957416198,0
3,3,2,13.766214787830105,26,1.7249307561382048,0
1,2,2,11.345241852102186,12,1.482758214766879,0
1,9,2,3.7695420037785206,53,1.2608059051517275,0
2,4,4,12.807226489450077,46,1.014523214750895,0
1,3,2,3.852864478674892,31,0.7763742117416501,0
5,2,3,11.400583397378048,43,0.6596713832496619,0
4,9,1,10.598442931628242,23,1.9538609113053493,1
2,6,2,11.624443901966252,29,0.7994729629340346,0
4,3,3,8.45759952999342,42,0.5898119400820785,0
4,2,2,9.942166551489075,25,1.9425001582737447,1
3,5,1,14.346481126079574,28,1.3234276120367405,0
3,7,3,2.4152403184390083,28,1.6949851024867142,1
2,5,3,5.32386184694268,23,0.5656487707974778,0
3,2,1,9.558998183377353,54,1.3504187862194819,0
3,4,3,14.49675782184085,51,1.0973149461769927,0
3,8,1,2.338042267276416,6,1.6579466515248251,1
4,8,3,1.31568910142121,18,0.5576384684585879,0
2,8,3,1.7804943785845921,57,1.1025358528424216,0
4,9,1,1.7336796104567833,36,1.698610129229294,1
5,4,1,13.709422008883662,46,1.284045896957555,0
4,9,3,11.097610711073546,36,1.3250581114979059,0
5,3,3,10.479489126747897,32,0.6457470229489483,0
1,8,1,8.316019483665333,52,0.698495834180137,0
1,5,4,11.947336637610126,43,1.5154994080486788,0
5,4,1,3.1790718986622712,44,1.5125699334348797,1
5,4,3,6.487176657038123,46,1.96865509137841,1
4,8,3,7.860059510700809,51,1.5679294820983256,0
5,5,3,2.5457329674741676,44,1.239865243900171,1
2,6,1,6.873191930725238,17,1.7859917353003292,1
1,4,3,5.431024909676685,16,0.6567094787239043,0
1,8,4,1.498150041108477,12,1.173943731344382,0
5,7,2,2.9142956382092935,19,0.9306636663913546,1
3,2,4,11.696515524344605,30,0.6569567103914384,0
3,9,1,1.2525307330650224,16,1.6452531270805495,1
5,3,3,14.079546187349056,47,1.2661880457483259,0
2,4,1,2.209944854261324,55,1.3351530798462359,0
3,7,2,12.189333318848414,50,1.1168827818654936,0
5,7,1,13.58063157320859,31,1.1905058474041028,0
2,4,3,14.17589818790626,22,0.6740260806845046,0
2,6,2,13.144678328943616,49,1.5093767364304647,0
4,2,2,5.025700551956205,40,1.1486710394078206,0
2,3,3,5.663219838738678,53,1.7251513596943748,0
3,4,3,6.9716397805410635,55,0.7944308002146141,0
3,9,3,2.9501536516994116,31,0.8075826401282536,0
5,3,1,1.311814370941134,13,1.4686393572960317,1
5,5,4,13.167702599934485,59,1.7690051350960954,1
2,7,1,8.757802026946388,43,1.208296757927263,0
1,7,1,9.522121190495028,5,1.59043080309965,0
4,4,4,13.977838647449135,11,1.9989948822396284,1
1,4,3,10.31168249359062,30,1.9853984595933922,0
2,9,3,10.671949060757388,11,1.6165052642325501,0
2,5,4,12.01756107811439,56,1.6093797345173733,0
1,6,4,2.628878298003653,11,0.8714283307983586,0
4,4,1,6.042270144993081,12,1.7503094473156606,1
1,7,2,14.554910987847128,20,1.1076531905706808,0
5,3,4,13.921021093408491,7,1.942990864800234,1
3,2,1,13.377054148342587,49,0.6221415330604032,0
5,8,2,7.329239144745614,14,1.153760553309089,1
3,3,3,13.00070135021528,54,1.3337607315252478,0
2,6,3,1.6775423472407185,11,1.1077343106292472,0
4,2,1,3.0792439395996443,25,0.815868785757415,0
1,3,1,6.795547778776758,57,1.389482733173765,0
4,3,4,7.76748893354977,41,1.6338768719377064,1
1,5,3,4.6891001492919955,35,1.4672578940302947,0
5,8,1,5.9906733918690245,27,0.8516732732120593,0
5,9,3,3.2788654143551628,31,1.5974119165527858,1
1,6,3,7.847876444022701,26,0.8853467090668449,0
4,7,4,12.113806100150057,43,0.76280354438606,0
1,5,2,10.25904551125828,31,1.5360020231580833,0
2,2,4,2.509091463117578,58,1.7641808691708936,0
5,8,1,7.826142447554025,53,1.2223091715448615,0
2,7,4,10.767049358916148,8,1.2970876897076566,0
5,5,4,8.418534151755177,28,0.9541213557068486,0
5,8,3,6.483458351497685,27,1.2419270226650483,1
3,9,4,9.706801897974294,52,0.6979744970186108,0
2,6,1,14.560941314203857,23,1.933746244524485,0
2,4,2,2.3287107367250917,46,1.7005409804848943,1
